<?xml version="1.0" encoding="UTF-8"?>
<project-private xmlns="http://www.netbeans.org/ns/project-private/1">
    <editor-bookmarks xmlns="http://www.netbeans.org/ns/editor-bookmarks/2" lastBookmarkId="0"/>
    <open-files xmlns="http://www.netbeans.org/ns/projectui-open-files/2">
        <group>
            <file>file:/C:/Users/cochi/Downloads/CSSECDV_CaseStudy1and2-master/src/Controller/Hashing.java</file>
            <file>file:/C:/Users/cochi/Downloads/CSSECDV_CaseStudy1and2-master/src/Controller/SQLite.java</file>
            <file>file:/C:/Users/cochi/Downloads/CSSECDV_CaseStudy1and2-master/src/Controller/Security.java</file>
            <file>file:/C:/Users/cochi/Downloads/CSSECDV_CaseStudy1and2-master/src/View/Login.java</file>
            <file>file:/C:/Users/cochi/Downloads/CSSECDV_CaseStudy1and2-master/src/View/Register.java</file>
            <file>file:/C:/Users/cochi/Downloads/CSSECDV_CaseStudy1and2-master/src/View/ManagerHome.java</file>
            <file>file:/C:/Users/cochi/Downloads/CSSECDV_CaseStudy1and2-master/src/View/MgmtUser.java</file>
            <file>file:/C:/Users/cochi/Downloads/CSSECDV_CaseStudy1and2-master/src/View/StaffHome.java</file>
            <file>file:/C:/Users/cochi/Downloads/CSSECDV_CaseStudy1and2-master/src/View/Home.java</file>
        </group>
    </open-files>
</project-private>
